<?xml version="1.0" encoding="UTF-8"?>
<project-private xmlns="http://www.netbeans.org/ns/project-private/1">
    <editor-bookmarks xmlns="http://www.netbeans.org/ns/editor-bookmarks/2" lastBookmarkId="0"/>
    <open-files xmlns="http://www.netbeans.org/ns/projectui-open-files/2">
        <group>
            <file>file:/home/osbornyang/Lyla/hotel_food0113/hotel_vod/detail_single.htm</file>
            <file>file:/home/osbornyang/Lyla/hotel_food0113/hotel_vod/movie.js</file>
            <file>file:/home/osbornyang/Lyla/hotel_food0113/hotel_vod/movie_detail.js</file>
            <file>file:/home/osbornyang/Lyla/hotel_food0113/hotel_vod/VOD首页_files/sbory.js</file>
            <file>file:/home/osbornyang/Lyla/hotel_food0113/hotel_vod/index.html</file>
            <file>file:/home/osbornyang/Lyla/hotel_food0113/hotel_vod/sbory.js</file>
        </group>
    </open-files>
</project-private>
